status	cs_loc	cs_sha256_16	cs_path	rs_path	crate
done	11	5c5a200d7c6fcc0b	Aix/OpenStack.Aix/Aix.cs	aix/aix/src/aix.rs	openstack-aix
done	14	f16f23929afb54e9	Aix/OpenStack.AixTests/Aix.cs	aix/aix-tests/src/aix.rs	openstack-aix-tests
done	1	b3c4f035666d2f36	Aix/OpenStack.AixTests/Assembly.cs	aix/aix-tests/src/assembly.rs	openstack-aix-tests
done	201	b073712bea46cbc4	Core/OpenStack/Algorithms/AsnKeyParser.cs	core/openstack/src/algorithms/asn_key_parser.rs	openstack
done	76	dd4ea5d59b228eb8	Core/OpenStack/Algorithms/Crc32Digest.cs	core/openstack/src/algorithms/crc32_digest.rs	openstack
done	33	006ceec3d13aadd5	Core/OpenStack/Algorithms/MurmurHash2.cs	core/openstack/src/algorithms/murmur_hash2.rs	openstack
done	42	e889830211845e78	Core/OpenStack/Algorithms/MurmurHash3.cs	core/openstack/src/algorithms/murmur_hash3.rs	openstack
done	21	14b816cf49d611a7	Core/OpenStack/Cache.cs	core/openstack/src/cache.rs	openstack
done	105	583752ebfbad2dfe	Core/OpenStack/Client.cs	core/openstack/src/client.rs	openstack
done	359	d562394db202ebac	Core/OpenStack/Manager.cs	core/openstack/src/manager.rs	openstack
done	191	bfce3236f8c25da0	Core/OpenStack/Platform.cs	core/openstack/src/platform.rs	openstack
done	26	588e870fb49c98d2	Core/OpenStack/Platform_System/Platform_System.cs	core/openstack/src/platform_system/platform_system.rs	openstack
done	82	6cc0bcef39c1321d	Core/OpenStack/Platform_Test/Platform_Test.cs	core/openstack/src/platform_test/platform_test.rs	openstack
done	30	ca6f91c02171fabb	Core/OpenStack/Platform_Unknown/Platform_Unknown.cs	core/openstack/src/platform_unknown/platform_unknown.rs	openstack
done	121	1dbe3bc7e7a315d7	Core/OpenStack/Profiler.cs	core/openstack/src/profiler.rs	openstack
done	38	8b5ee25c93d41286	Core/OpenStack/Util.cs	core/openstack/src/util.rs	openstack
done	108	52e181d6446b98f1	Core/OpenStack/_LIB/SevenZip/Buffer.cs	core/openstack/src/vendor/seven_zip/buffer.rs	openstack
done	238	5a7da8d9261f32f4	Core/OpenStack/_LIB/SevenZip/CommandLineParser.cs	core/openstack/src/vendor/seven_zip/command_line_parser.rs	openstack
done	562	aa8fbae15916004c	Core/OpenStack/_LIB/SevenZip/Compress_LZ.cs	core/openstack/src/vendor/seven_zip/compress_lz.rs	openstack
done	1732	0b8115a331e65091	Core/OpenStack/_LIB/SevenZip/Compress_LZMA.cs	core/openstack/src/vendor/seven_zip/compress_lzma.rs	openstack
done	437	72adbb9699cdc376	Core/OpenStack/_LIB/SevenZip/Compress_RangeCoder.cs	core/openstack/src/vendor/seven_zip/compress_range_coder.rs	openstack
done	198	ac01064f08345add	Core/OpenStack/_LIB/SevenZip/SevenZip.cs	core/openstack/src/vendor/seven_zip/seven_zip.rs	openstack
done	81	6b9de09a36e10c69	Core/OpenStack.Polyfills/Log.cs	core/polyfills/src/log.rs	openstack-polyfills
done	72	350576d153a6da63	Core/OpenStack.Polyfills/MathNet.Numerics/NumericsExtensions.cs	core/polyfills/src/math_net_numerics/numerics_extensions.rs	openstack-polyfills
done	52	b82739d30e582ed8	Core/OpenStack.Polyfills/Poly2.1/BitConverterX.cs	core/polyfills/src/poly2_1/bit_converter_x.rs	openstack-polyfills
done	748	3d6d7a7948fe44ca	Core/OpenStack.Polyfills/Poly2.1/Half.cs	core/polyfills/src/poly2_1/half.rs	openstack-polyfills
done	67	28c63ee49bd7671f	Core/OpenStack.Polyfills/System.Collections.Generic/ArrayRange.cs	core/polyfills/src/system_collections_generic/array_range.rs	openstack-polyfills
done	36	6e00223075cee917	Core/OpenStack.Polyfills/System.Collections.Generic/AsyncCoroutineQueue.cs	core/polyfills/src/system_collections_generic/async_coroutine_queue.rs	openstack-polyfills
done	9	f8a449f301ee571c	Core/OpenStack.Polyfills/System.Collections.Generic/ByteArrayComparer.cs	core/polyfills/src/system_collections_generic/byte_array_comparer.rs	openstack-polyfills
done	35	dc167f5211f8b7fb	Core/OpenStack.Polyfills/System.Collections.Generic/CollectionExtensions.cs	core/polyfills/src/system_collections_generic/collection_extensions.rs	openstack-polyfills
done	35	bb693ecdca64a3e4	Core/OpenStack.Polyfills/System.Collections.Generic/CoroutineQueue.cs	core/polyfills/src/system_collections_generic/coroutine_queue.rs	openstack-polyfills
done	70	0539af1ef504d469	Core/OpenStack.Polyfills/System.Collections.Generic/GenericPoolX.cs	core/polyfills/src/system_collections_generic/generic_pool_x.rs	openstack-polyfills
done	113	81620d1bd889ef5f	Core/OpenStack.Polyfills/System.Collections.Generic/KVExtensions.cs	core/polyfills/src/system_collections_generic/kv_extensions.rs	openstack-polyfills
done	15	039d2c5a9a54e84f	Core/OpenStack.Polyfills/System.Drawing/ColorX.cs	core/polyfills/src/system_drawing/color_x.rs	openstack-polyfills
done	50	ca995a91c9d4f0d9	Core/OpenStack.Polyfills/System.Globalization/Grammar.cs	core/polyfills/src/system_globalization/grammar.rs	openstack-polyfills
done	47	089ffc59c098a9cd	Core/OpenStack.Polyfills/System.Numerics/NumericsExtensions.cs	core/polyfills/src/system_numerics/numerics_extensions.rs	openstack-polyfills
done	21	db433efaf0c45cef	Core/OpenStack.Polyfills/System.Security.Cryptography/Polyfill.cs	core/polyfills/src/system_security_cryptography/polyfill.rs	openstack-polyfills
done	26	d94eab2fe6512403	Core/OpenStack.Polyfills/System/BitReverseX.cs	core/polyfills/src/system/bit_reverse_x.rs	openstack-polyfills
done	10	a600019bbb815710	Core/OpenStack.Polyfills/System/ConvertX.cs	core/polyfills/src/system/convert_x.rs	openstack-polyfills
done	7	e71538f66f6b247c	Core/OpenStack.Polyfills/System/ExtensionXAttribute.cs	core/polyfills/src/system/extension_x_attribute.rs	openstack-polyfills
done	8	528011e587539996	Core/OpenStack.Polyfills/System/Indirect.cs	core/polyfills/src/system/indirect.rs	openstack-polyfills
done	194	ba1b500f912fcc2c	Core/OpenStack.Polyfills/System/MathX.cs	core/polyfills/src/system/math_x.rs	openstack-polyfills
done	130	0755aae74d992b3a	Core/OpenStack.Polyfills/System/Polyfill.cs	core/polyfills/src/system/polyfill.rs	openstack-polyfills
done	3	57158c969ba04bd9	Core/OpenStack.Polyfills/System/Polyfill2.cs	core/polyfills/src/system/polyfill2.rs	openstack-polyfills
done	15	2d1a34c699061236	Core/OpenStack.Polyfills/System/StreamExtensions.cs	core/polyfills/src/system/stream_extensions.rs	openstack-polyfills
done	28	a3ad71a04ce54244	Core/OpenStack.Polyfills/System/ThreadSafeRandom.cs	core/polyfills/src/system/thread_safe_random.rs	openstack-polyfills
done	18	4bb05d80da4f6254	Core/OpenStack.PolyIO/ISource.cs	core/polyio/src/i_source.rs	openstack-polyio
done	66	7960ac6d2b667aaa	Core/OpenStack.PolyIO/System.Drawing/BoundingBox.cs	core/polyio/src/system_drawing/bounding_box.rs	openstack-polyio
done	61	6af56aa928ca1446	Core/OpenStack.PolyIO/System.Drawing/BoundingFrustum.cs	core/polyio/src/system_drawing/bounding_frustum.rs	openstack-polyio
done	71	bb5941bfb1e54da2	Core/OpenStack.PolyIO/System.Drawing/BoundingSphere.cs	core/polyio/src/system_drawing/bounding_sphere.rs	openstack-polyio
done	91	63b58b2c3684b4ac	Core/OpenStack.PolyIO/System.Drawing/Curve.cs	core/polyio/src/system_drawing/curve.rs	openstack-polyio
done	72	22ea33d158adde89	Core/OpenStack.PolyIO/System.Drawing/Point3D.cs	core/polyio/src/system_drawing/point3_d.rs	openstack-polyio
done	66	00d4fe073ecc8aea	Core/OpenStack.PolyIO/System.Drawing/Ray.cs	core/polyio/src/system_drawing/ray.rs	openstack-polyio
done	458	4e382e50fb2843b0	Core/OpenStack.PolyIO/System.Drawing/Rectangle.cs	core/polyio/src/system_drawing/rectangle.rs	openstack-polyio
done	61	09d3020aa16a4f8f	Core/OpenStack.PolyIO/System.IO/BitStream.cs	core/polyio/src/system_io/bit_stream.rs	openstack-polyio
done	41	a89b134615be4c19	Core/OpenStack.PolyIO/System.IO/ByteXorStream.cs	core/polyio/src/system_io/byte_xor_stream.rs	openstack-polyio
done	96	af0a78b40bbe84f8	Core/OpenStack.PolyIO/System.IO/CircularBuffer.cs	core/polyio/src/system_io/circular_buffer.rs	openstack-polyio
done	294	da751abc8e5773a4	Core/OpenStack.PolyIO/System.IO/Huffman.cs	core/polyio/src/system_io/huffman.rs	openstack-polyio
done	15	d06f603e07936776	Core/OpenStack.PolyIO/System.IO/IStream.cs	core/polyio/src/system_io/i_stream.rs	openstack-polyio
done	256	91685f1f5cd73ecd	Core/OpenStack.PolyIO/System.IO/IndentedTextWriter.cs	core/polyio/src/system_io/indented_text_writer.rs	openstack-polyio
done	175	0686506f55227849	Core/OpenStack.PolyIO/System.IO/PartialInputStream.cs	core/polyio/src/system_io/partial_input_stream.rs	openstack-polyio
done	828	2c5aa88138cbe33c	Core/OpenStack.PolyIO/System.IO/Polyfill+BinaryReader.cs	core/polyio/src/system_io/polyfill_binary_reader.rs	openstack-polyio
done	114	837d324ef083062d	Core/OpenStack.PolyIO/System.IO/Polyfill+BinaryWriter.cs	core/polyio/src/system_io/polyfill_binary_writer.rs	openstack-polyio
done	26	8ce91c2771e1bc25	Core/OpenStack.PolyIO/System.IO/Polyfill+Stream.cs	core/polyio/src/system_io/polyfill_stream.rs	openstack-polyio
done	33	348ffb11dac35500	Core/OpenStack.PolyIO/System.IO/Polyfill.cs	core/polyio/src/system_io/polyfill.rs	openstack-polyio
done	16	dd39097fb0e524e4	Core/OpenStack.PolyIO/System.Numerics/Cry+Unused/ByteArray.cs	core/polyio/src/system_numerics/cry_unused/byte_array.rs	openstack-polyio
done	384	42cb52df00915e7b	Core/OpenStack.PolyIO/System.Numerics/Cry+Unused/Structs.cs	core/polyio/src/system_numerics/cry_unused/structs.rs	openstack-polyio
done	61	a22e13f5ac73f24a	Core/OpenStack.PolyIO/System.Numerics/Cry+Unused/Vector2.cs	core/polyio/src/system_numerics/cry_unused/vector2.rs	openstack-polyio
done	70	80a701eb61acf0ec	Core/OpenStack.PolyIO/System.Numerics/Cry+Unused/Vector3.cs	core/polyio/src/system_numerics/cry_unused/vector3.rs	openstack-polyio
done	90	40fdade113d0d06c	Core/OpenStack.PolyIO/System.Numerics/Cry+Unused/Vector4.cs	core/polyio/src/system_numerics/cry_unused/vector4.rs	openstack-polyio
done	329	075ce425754a645d	Core/OpenStack.PolyIO/System.Numerics/Matrix2x2.cs	core/polyio/src/system_numerics/matrix2x2.rs	openstack-polyio
done	809	2f4e39f8185fa995	Core/OpenStack.PolyIO/System.Numerics/Matrix3x3.cs	core/polyio/src/system_numerics/matrix3x3.rs	openstack-polyio
done	121	9a319ae3ab778b9f	Core/OpenStack.PolyIO/System.Numerics/Matrix3x3x.cs	core/polyio/src/system_numerics/matrix3x3x.rs	openstack-polyio
done	94	bd42c4edab9657c9	Core/OpenStack.PolyIO/System.Numerics/Matrix3x4.cs	core/polyio/src/system_numerics/matrix3x4.rs	openstack-polyio
done	35	e54a118e0abe1d35	Core/OpenStack.PolyIO/System.Numerics/Matrix4x3.cs	core/polyio/src/system_numerics/matrix4x3.rs	openstack-polyio
done	270	9343925f5ab6a625	Core/OpenStack.PolyIO/System.Numerics/Polyfill.cs	core/polyio/src/system_numerics/polyfill.rs	openstack-polyio
done	350	f8eed1b6a56b87f2	Core/OpenStack.PolyIO/System.Numerics/Vector2.cs	core/polyio/src/system_numerics/vector2.rs	openstack-polyio
done	386	93e2d1fbc55184ee	Core/OpenStack.PolyIO/System.Numerics/Vector3.cs	core/polyio/src/system_numerics/vector3.rs	openstack-polyio
done	467	82eba87a652bef21	Core/OpenStack.PolyIO/System.Numerics/Vector4.cs	core/polyio/src/system_numerics/vector4.rs	openstack-polyio
done	220	d68fbc086802c132	Core/OpenStack.PolyIO/System.Text/ValueStringBuilder.cs	core/polyio/src/system_text/value_string_builder.rs	openstack-polyio
done	308	7a205540ac5008bd	Core/OpenStack.PolyIO/System/HalfFloat.cs	core/polyio/src/system/half_float.rs	openstack-polyio
done	42	d335b20802b0803a	Core/OpenStack.PolyIO/System/NativeFile.cs	core/polyio/src/system/native_file.rs	openstack-polyio
done	321	638ab139e00ac244	Core/OpenStack.PolyIO/System/UnsafeX.cs	core/polyio/src/system/unsafe_x.rs	openstack-polyio
done	69	74ce0c87f971da34	Core/OpenStack.PolyIO/TypeX.cs	core/polyio/src/type_x.rs	openstack-polyio
done	82	34d0cdcf2f669221	Core/OpenStack.PolyIO/X.cs	core/polyio/src/x.rs	openstack-polyio
done	659	0116b31de21c0a94	Gfx/OpenStack.Gfx/Gfx.cs	gfx/gfx/src/gfx.rs	openstack-gfx
done	43	e09458ad7e0d280a	Gfx/OpenStack.Gfx/Gfx_Bitmap.cs	gfx/gfx/src/gfx_bitmap.rs	openstack-gfx
done	393	b6e36e57ac677d7f	Gfx/OpenStack.Gfx/Gfx_Render.cs	gfx/gfx/src/gfx_render.rs	openstack-gfx
done	1930	18e4bbf2bcc46a69	Gfx/OpenStack.Gfx/Gfx_Texture.cs	gfx/gfx/src/gfx_texture.rs	openstack-gfx
done	141	b43a13d1ff0de054	Gfx/OpenStack.Gfx/TextureHelper.cs	gfx/gfx/src/texture_helper.rs	openstack-gfx
done	111	d9c548630b73acb1	Gfx/OpenStack.Gfx/TextureSequences.cs	gfx/gfx/src/texture_sequences.rs	openstack-gfx
done	5	bcff1210abe646a8	Gfx/OpenStack.Gfx.Egin/Egin.cs	gfx/gfx-egin/src/egin.rs	openstack-gfx-egin
done	252	52745a15b256722b	Gfx/OpenStack.Gfx.Egin/Egin_Animate.cs	gfx/gfx-egin/src/egin_animate.rs	openstack-gfx-egin
done	897	50cef39679b48ca4	Gfx/OpenStack.Gfx.Egin/Egin_Particle.cs	gfx/gfx-egin/src/egin_particle.rs	openstack-gfx-egin
done	798	8ed891fd57d72b60	Gfx/OpenStack.Gfx.Egin/Egin_Render.cs	gfx/gfx-egin/src/egin_render.rs	openstack-gfx-egin
done	55	9420f970db920076	Gfx/OpenStack.Gfx.Other/Algorithms/HalfPrecConverter.cs	gfx/gfx-other/src/algorithms/half_prec_converter.rs	openstack-gfx-other
done	63	f86e006a8916f690	Gfx/OpenStack.Gfx.Other/Unused/Dds1.cs	gfx/gfx-other/src/unused/dds1.rs	openstack-gfx-other
done	264	9952d12c46fbd0cb	Gfx/OpenStack.Gfx.Other/Unused/Dds2.cs	gfx/gfx-other/src/unused/dds2.rs	openstack-gfx-other
done	34	91f20074746eee76	Gfx/OpenStack.Gfx.Other/Unused/DirectXExtensions.cs	gfx/gfx-other/src/unused/direct_x_extensions.rs	openstack-gfx-other
done	205	695d615b4d242c2f	Gfx/OpenStack.Gfx.Other/Unused/DxtUtil.cs	gfx/gfx-other/src/unused/dxt_util.rs	openstack-gfx-other
done	86	866d34002e2eaf5f	Gfx/OpenStack.Gfx.Other/Unused/EmptyTexture.cs	gfx/gfx-other/src/unused/empty_texture.rs	openstack-gfx-other
done	21	5c377d91648dc4e6	Gfx/OpenStack.Gfx.Other/Unused/GXColorExtensions.cs	gfx/gfx-other/src/unused/gx_color_extensions.rs	openstack-gfx-other
done	48	afd7d7377dbf926f	Gfx/OpenStack.Gfx.Other/Unused/TextureExtensions+PostProcess.cs	gfx/gfx-other/src/unused/texture_extensions_post_process.rs	openstack-gfx-other
done	145	d1361cc7a4b55b53	Gfx/OpenStack.Gfx.Other/Unused/TextureExtensions.cs	gfx/gfx-other/src/unused/texture_extensions.rs	openstack-gfx-other
done	1	b3c4f035666d2f36	Gfx/OpenStack.GfxTests/Assembly.cs	gfx/gfx-tests/src/assembly.rs	openstack-gfx-tests
done	143	1d5d539bee59592b	Gfx/OpenStack.GfxTests/Egin/Gfx_Animate.cs	gfx/gfx-tests/src/egin/gfx_animate.rs	openstack-gfx-tests
done	4	01852a1ecadf0d29	Gfx/OpenStack.GfxTests/Egin/Gfx_Particles.cs	gfx/gfx-tests/src/egin/gfx_particles.rs	openstack-gfx-tests
done	103	c2187790714bf69f	Gfx/OpenStack.GfxTests/Egin/Gfx_Render.cs	gfx/gfx-tests/src/egin/gfx_render.rs	openstack-gfx-tests
done	14	5cf900219e14fdab	Gfx/OpenStack.GfxTests/Gfx.cs	gfx/gfx-tests/src/gfx.rs	openstack-gfx-tests
done	34	0c430ce9bb0b5571	Gfx/OpenStack.GfxTests/Gfx_Bitmap.cs	gfx/gfx-tests/src/gfx_bitmap.rs	openstack-gfx-tests
done	73	9fe1d1fb975b1300	Gfx/OpenStack.GfxTests/Gfx_Texture.cs	gfx/gfx-tests/src/gfx_texture.rs	openstack-gfx-tests
done	11	fc8e7dcb018e82d2	Phy/OpenStack.Phy/Phy.cs	phy/phy/src/phy.rs	openstack-phy
done	1	b3c4f035666d2f36	Phy/OpenStack.PhyTests/Assembly.cs	phy/phy-tests/src/assembly.rs	openstack-phy-tests
done	16	377a0ce197c0382f	Phy/OpenStack.PhyTests/Phy.cs	phy/phy-tests/src/phy.rs	openstack-phy-tests
todo	206	46fba54e22f60956	Phy/OpenStack.Phy2/Animation/AFrame.cs	phy/phy2/src/animation/a_frame.rs	openstack-phy2
todo	19	02d5a102914bccb2	Phy/OpenStack.Phy2/Animation/ActionNode.cs	phy/phy2/src/animation/action_node.rs	openstack-phy2
todo	20	18d385577a1bff40	Phy/OpenStack.Phy2/Animation/AnimData.cs	phy/phy2/src/animation/anim_data.rs	openstack-phy2
todo	16	c192f251fc144779	Phy/OpenStack.Phy2/Animation/AnimNode.cs	phy/phy2/src/animation/anim_node.rs	openstack-phy2
todo	115	b31b722e44b9b771	Phy/OpenStack.Phy2/Animation/AnimSequenceNode.cs	phy/phy2/src/animation/anim_sequence_node.rs	openstack-phy2
todo	29	22e7abc7ee04c201	Phy/OpenStack.Phy2/Animation/Animation.cs	phy/phy2/src/animation/animation.rs	openstack-phy2
todo	29	7f0b6ad3d998b455	Phy/OpenStack.Phy2/Animation/InterpolationNode.cs	phy/phy2/src/animation/interpolation_node.rs	openstack-phy2
todo	134	e11d42f4f3cab11f	Phy/OpenStack.Phy2/Animation/InterpretedMotionState.cs	phy/phy2/src/animation/interpreted_motion_state.rs	openstack-phy2
todo	16	90b6dbc525a6e7f6	Phy/OpenStack.Phy2/Animation/Motion.cs	phy/phy2/src/animation/motion.rs	openstack-phy2
todo	835	5a955beb7cdbb267	Phy/OpenStack.Phy2/Animation/MotionInterp.cs	phy/phy2/src/animation/motion_interp.rs	openstack-phy2
todo	20	3dbd576c965da5cb	Phy/OpenStack.Phy2/Animation/MotionNode.cs	phy/phy2/src/animation/motion_node.rs	openstack-phy2
todo	83	3271f58e736b1f99	Phy/OpenStack.Phy2/Animation/MotionState.cs	phy/phy2/src/animation/motion_state.rs	openstack-phy2
todo	615	1b21f622b6b0f843	Phy/OpenStack.Phy2/Animation/MotionTable.cs	phy/phy2/src/animation/motion_table.rs	openstack-phy2
todo	18	f7737537c6d48be1	Phy/OpenStack.Phy2/Animation/MovementNode.cs	phy/phy2/src/animation/movement_node.rs	openstack-phy2
todo	95	c1c660c33e6d94e1	Phy/OpenStack.Phy2/Animation/MovementParamFlags.cs	phy/phy2/src/animation/movement_param_flags.rs	openstack-phy2
todo	215	6fcb04267d440503	Phy/OpenStack.Phy2/Animation/MovementParameters.cs	phy/phy2/src/animation/movement_parameters.rs	openstack-phy2
todo	31	cb52f278fbeb316e	Phy/OpenStack.Phy2/Animation/MovementStruct.cs	phy/phy2/src/animation/movement_struct.rs	openstack-phy2
todo	47	6d360efbf0e82e98	Phy/OpenStack.Phy2/Animation/MovementSystem.cs	phy/phy2/src/animation/movement_system.rs	openstack-phy2
todo	172	ba3cac0d978ced9d	Phy/OpenStack.Phy2/Animation/RawMotionState.cs	phy/phy2/src/animation/raw_motion_state.rs	openstack-phy2
todo	445	7dc5b4879f8f23d3	Phy/OpenStack.Phy2/Animation/Sequence.cs	phy/phy2/src/animation/sequence.rs	openstack-phy2
todo	145	f96cab583ddbf0cd	Phy/OpenStack.Phy2/BSP/BSPLeaf.cs	phy/phy2/src/bsp/bsp_leaf.rs	openstack-phy2
todo	376	eed279163384d718	Phy/OpenStack.Phy2/BSP/BSPNode.cs	phy/phy2/src/bsp/bsp_node.rs	openstack-phy2
todo	43	503235ba96a0f65c	Phy/OpenStack.Phy2/BSP/BSPPortal.cs	phy/phy2/src/bsp/bsp_portal.rs	openstack-phy2
todo	383	68dcf5b69bafb4f1	Phy/OpenStack.Phy2/BSP/BSPTree.cs	phy/phy2/src/bsp/bsp_tree.rs	openstack-phy2
todo	30	7d17a876eaeca692	Phy/OpenStack.Phy2/BSP/PortalPoly.cs	phy/phy2/src/bsp/portal_poly.rs	openstack-phy2
todo	173	0595c2aeb7866df4	Phy/OpenStack.Phy2/BoundingBox.cs	phy/phy2/src/bounding_box.rs	openstack-phy2
todo	129	23e25494a7e2f476	Phy/OpenStack.Phy2/Collision/BBox.cs	phy/phy2/src/collision/b_box.rs	openstack-phy2
todo	78	d9fca8f5123de070	Phy/OpenStack.Phy2/Collision/CollisionInfo.cs	phy/phy2/src/collision/collision_info.rs	openstack-phy2
todo	14	0e818e7e3e9bd43a	Phy/OpenStack.Phy2/Collision/CollisionRecord.cs	phy/phy2/src/collision/collision_record.rs	openstack-phy2
todo	24	71b933d499574ad1	Phy/OpenStack.Phy2/Collision/EnvCollisionProfile.cs	phy/phy2/src/collision/env_collision_profile.rs	openstack-phy2
todo	44	3cb38d5cd3805dcc	Phy/OpenStack.Phy2/Collision/ObjCollisionProfile.cs	phy/phy2/src/collision/obj_collision_profile.rs	openstack-phy2
todo	20	c688efeb4e662d18	Phy/OpenStack.Phy2/Combat/AtkCollisionProfile.cs	phy/phy2/src/combat/atk_collision_profile.rs	openstack-phy2
todo	10	0bc01f4c57ff314b	Phy/OpenStack.Phy2/Combat/AtkObjInfo.cs	phy/phy2/src/combat/atk_obj_info.rs	openstack-phy2
todo	13	0732191c49c03719	Phy/OpenStack.Phy2/Combat/AttackCone.cs	phy/phy2/src/combat/attack_cone.rs	openstack-phy2
todo	20	8df105ec2481b31a	Phy/OpenStack.Phy2/Combat/AttackInfo.cs	phy/phy2/src/combat/attack_info.rs	openstack-phy2
todo	11	26c937d2ad671ab2	Phy/OpenStack.Phy2/Combat/DetectionCylsphere.cs	phy/phy2/src/combat/detection_cylsphere.rs	openstack-phy2
todo	23	c1ccb00df2abf103	Phy/OpenStack.Phy2/Combat/DetectionInfo.cs	phy/phy2/src/combat/detection_info.rs	openstack-phy2
todo	58	b70f5d29ec4b361b	Phy/OpenStack.Phy2/Combat/TargetInfo.cs	phy/phy2/src/combat/target_info.rs	openstack-phy2
todo	21	cdb162fd8c9949a7	Phy/OpenStack.Phy2/Combat/TargettedVoyeurInfo.cs	phy/phy2/src/combat/targetted_voyeur_info.rs	openstack-phy2
todo	118	8adf4f33697a4364	Phy/OpenStack.Phy2/Command/ACCmdInterp.cs	phy/phy2/src/command/ac_cmd_interp.rs	openstack-phy2
todo	12	cf5f22815cae31db	Phy/OpenStack.Phy2/Command/CmdStruct.cs	phy/phy2/src/command/cmd_struct.rs	openstack-phy2
todo	885	cf4d7a42d8fc181c	Phy/OpenStack.Phy2/Command/CommandInterpreter.cs	phy/phy2/src/command/command_interpreter.rs	openstack-phy2
todo	127	250245c67a20cc48	Phy/OpenStack.Phy2/Command/CommandList.cs	phy/phy2/src/command/command_list.rs	openstack-phy2
todo	26	118131c419496870	Phy/OpenStack.Phy2/Command/CommandListElement.cs	phy/phy2/src/command/command_list_element.rs	openstack-phy2
todo	12	05a6515a36e22497	Phy/OpenStack.Phy2/Command/InputEvent.cs	phy/phy2/src/command/input_event.rs	openstack-phy2
todo	16	0fca602e43e2a6ae	Phy/OpenStack.Phy2/Common/AddUpdateObjs.cs	phy/phy2/src/common/add_update_objs.rs	openstack-phy2
todo	62	cca976d27a6a1c20	Phy/OpenStack.Phy2/Common/BldPortal.cs	phy/phy2/src/common/bld_portal.rs	openstack-phy2
todo	158	b1528a2a1428688a	Phy/OpenStack.Phy2/Common/BuildingObj.cs	phy/phy2/src/common/building_obj.rs	openstack-phy2
todo	49	32e0704b2e025a82	Phy/OpenStack.Phy2/Common/CellArray.cs	phy/phy2/src/common/cell_array.rs	openstack-phy2
todo	75	d1c8dd6099cc3776	Phy/OpenStack.Phy2/Common/CellStruct.cs	phy/phy2/src/common/cell_struct.rs	openstack-phy2
todo	14	965877efcb20322d	Phy/OpenStack.Phy2/Common/ChatRoomTracker.cs	phy/phy2/src/common/chat_room_tracker.rs	openstack-phy2
todo	53	5c20592074777c68	Phy/OpenStack.Phy2/Common/ChildList.cs	phy/phy2/src/common/child_list.rs	openstack-phy2
todo	119	6a35a1c15f2c0e5a	Phy/OpenStack.Phy2/Common/DBObj.cs	phy/phy2/src/common/db_obj.rs	openstack-phy2
todo	42	a2ff13f547e6800d	Phy/OpenStack.Phy2/Common/EncumbranceSystem.cs	phy/phy2/src/common/encumbrance_system.rs	openstack-phy2
todo	475	16a823fee609a6ee	Phy/OpenStack.Phy2/Common/EnvCell.cs	phy/phy2/src/common/env_cell.rs	openstack-phy2
todo	134	6c591b5474052cac	Phy/OpenStack.Phy2/Common/GfxObj.cs	phy/phy2/src/common/gfx_obj.rs	openstack-phy2
todo	13	3c5a988276d816f1	Phy/OpenStack.Phy2/Common/HookAppraisalProfile.cs	phy/phy2/src/common/hook_appraisal_profile.rs	openstack-phy2
todo	222	4f256083efcd70f7	Phy/OpenStack.Phy2/Common/ImgTex.cs	phy/phy2/src/common/img_tex.rs	openstack-phy2
todo	170	573f8a9f96f52da0	Phy/OpenStack.Phy2/Common/LScape.cs	phy/phy2/src/common/l_scape.rs	openstack-phy2
todo	332	cb473088eba95f68	Phy/OpenStack.Phy2/Common/LandCell.cs	phy/phy2/src/common/land_cell.rs	openstack-phy2
todo	254	7daf591c0a122c04	Phy/OpenStack.Phy2/Common/LandDefs.cs	phy/phy2/src/common/land_defs.rs	openstack-phy2
todo	115	00c2407fd1672ed9	Phy/OpenStack.Phy2/Common/LandSurf.cs	phy/phy2/src/common/land_surf.rs	openstack-phy2
todo	661	c93c99b9662dddf6	Phy/OpenStack.Phy2/Common/Landblock.cs	phy/phy2/src/common/landblock.rs	openstack-phy2
todo	695	a3552989f91ebf39	Phy/OpenStack.Phy2/Common/LandblockStruct.cs	phy/phy2/src/common/landblock_struct.rs	openstack-phy2
todo	27	21c0e8998a2b389a	Phy/OpenStack.Phy2/Common/LostCell.cs	phy/phy2/src/common/lost_cell.rs	openstack-phy2
todo	16	7a2fccb2af38ce66	Phy/OpenStack.Phy2/Common/MasterDBMap.cs	phy/phy2/src/common/master_db_map.rs	openstack-phy2
todo	22	ba6f0b70ac7a8c13	Phy/OpenStack.Phy2/Common/ObjCache.cs	phy/phy2/src/common/obj_cache.rs	openstack-phy2
todo	626	5455a3918d30383b	Phy/OpenStack.Phy2/Common/ObjCell.cs	phy/phy2/src/common/obj_cell.rs	openstack-phy2
todo	108	21ac5a3ee727aa49	Phy/OpenStack.Phy2/Common/ObjectDesc.cs	phy/phy2/src/common/object_desc.rs	openstack-phy2
todo	1154	794d219055eb62ac	Phy/OpenStack.Phy2/Common/ObjectMaint.cs	phy/phy2/src/common/object_maint.rs	openstack-phy2
todo	185	caf516106765d481	Phy/OpenStack.Phy2/Common/PalShift.cs	phy/phy2/src/common/pal_shift.rs	openstack-phy2
todo	8	f5c2e957648d1ac4	Phy/OpenStack.Phy2/Common/PalShiftRoadCode.cs	phy/phy2/src/common/pal_shift_road_code.rs	openstack-phy2
todo	8	3e84188b443d3097	Phy/OpenStack.Phy2/Common/PalShiftSubPal.cs	phy/phy2/src/common/pal_shift_sub_pal.rs	openstack-phy2
todo	8	6836d3b34cc4becb	Phy/OpenStack.Phy2/Common/PalShiftTerrainPal.cs	phy/phy2/src/common/pal_shift_terrain_pal.rs	openstack-phy2
todo	12	bd3cbb13530d635c	Phy/OpenStack.Phy2/Common/PalShiftTex.cs	phy/phy2/src/common/pal_shift_tex.rs	openstack-phy2
todo	6	271c447dda57224a	Phy/OpenStack.Phy2/Common/Palette.cs	phy/phy2/src/common/palette.rs	openstack-phy2
todo	43	81ef76603bfcc3cf	Phy/OpenStack.Phy2/Common/PartCell.cs	phy/phy2/src/common/part_cell.rs	openstack-phy2
todo	24	baa9c12638c1cfa1	Phy/OpenStack.Phy2/Common/PhysicsTimer.cs	phy/phy2/src/common/physics_timer.rs	openstack-phy2
todo	325	7704eec15516d473	Phy/OpenStack.Phy2/Common/Position.cs	phy/phy2/src/common/position.rs	openstack-phy2
todo	15	924efee44f607a22	Phy/OpenStack.Phy2/Common/QualifiedDataID.cs	phy/phy2/src/common/qualified_data_id.rs	openstack-phy2
todo	68	396e37bddb7dd566	Phy/OpenStack.Phy2/Common/Random.cs	phy/phy2/src/common/random.rs	openstack-phy2
todo	30	a36acfb95044ba73	Phy/OpenStack.Phy2/Common/RegionDesc.cs	phy/phy2/src/common/region_desc.rs	openstack-phy2
todo	10	45e0d1291ad47e7a	Phy/OpenStack.Phy2/Common/Render.cs	phy/phy2/src/common/render.rs	openstack-phy2
todo	47	e1166508e03215e0	Phy/OpenStack.Phy2/Common/RenderSurface.cs	phy/phy2/src/common/render_surface.rs	openstack-phy2
todo	21	b8d10d0605aa2459	Phy/OpenStack.Phy2/Common/RoadAlphaMap.cs	phy/phy2/src/common/road_alpha_map.rs	openstack-phy2
todo	58	f47f86fee22abb16	Phy/OpenStack.Phy2/Common/SetPosition.cs	phy/phy2/src/common/set_position.rs	openstack-phy2
todo	14	49a262126a3020d5	Phy/OpenStack.Phy2/Common/ShadowObj.cs	phy/phy2/src/common/shadow_obj.rs	openstack-phy2
todo	32	49c5f75d9bb85219	Phy/OpenStack.Phy2/Common/ShadowPart.cs	phy/phy2/src/common/shadow_part.rs	openstack-phy2
todo	54	6e990c6c63b2ee3c	Phy/OpenStack.Phy2/Common/SmartBox.cs	phy/phy2/src/common/smart_box.rs	openstack-phy2
todo	70	bc07f49d560fad0c	Phy/OpenStack.Phy2/Common/SortCell.cs	phy/phy2/src/common/sort_cell.rs	openstack-phy2
todo	11	b7f86e9e354993eb	Phy/OpenStack.Phy2/Common/SubPalette.cs	phy/phy2/src/common/sub_palette.rs	openstack-phy2
todo	10	a88f3a8bdac6d015	Phy/OpenStack.Phy2/Common/SurfInfo.cs	phy/phy2/src/common/surf_info.rs	openstack-phy2
todo	64	699b7e127870d35c	Phy/OpenStack.Phy2/Common/Surface.cs	phy/phy2/src/common/surface.rs	openstack-phy2
todo	18	dd8a6a76f15db879	Phy/OpenStack.Phy2/Common/TMTerrainDesc.cs	phy/phy2/src/common/tm_terrain_desc.rs	openstack-phy2
todo	23	ff5db31c11f262d1	Phy/OpenStack.Phy2/Common/TerrainAlphaMap.cs	phy/phy2/src/common/terrain_alpha_map.rs	openstack-phy2
todo	48	9e789444f60ea81b	Phy/OpenStack.Phy2/Common/TerrainTex.cs	phy/phy2/src/common/terrain_tex.rs	openstack-phy2
todo	428	fe8ed9d230db7895	Phy/OpenStack.Phy2/Common/TexMerge.cs	phy/phy2/src/common/tex_merge.rs	openstack-phy2
todo	109	2d71738a2c84f453	Phy/OpenStack.Phy2/Common/TextureMergeInfo.cs	phy/phy2/src/common/texture_merge_info.rs	openstack-phy2
done	25	27b4e5d5d168747f	Phy/OpenStack.Phy2/Common/Vector.cs	phy/phy2/src/common/vector.rs	openstack-phy2
todo	71	5d5d27138b7be103	Phy/OpenStack.Phy2/Common/Vertex.cs	phy/phy2/src/common/vertex.rs	openstack-phy2
todo	23	8acfa600fb778e2b	Phy/OpenStack.Phy2/Common/VertexArray.cs	phy/phy2/src/common/vertex_array.rs	openstack-phy2
todo	12	32062879a49c2f0c	Phy/OpenStack.Phy2/Common/WeenieDesc.cs	phy/phy2/src/common/weenie_desc.rs	openstack-phy2
todo	294	21867fc3c55ccc3b	Phy/OpenStack.Phy2/Common/WeenieObject.cs	phy/phy2/src/common/weenie_object.rs	openstack-phy2
todo	483	d81d257e8baa4089	Phy/OpenStack.Phy2/CylSphere.cs	phy/phy2/src/cyl_sphere.rs	openstack-phy2
todo	55	bb387d0f623631ef	Phy/OpenStack.Phy2/Entity/BSPCache.cs	phy/phy2/src/entity/bsp_cache.rs	openstack-phy2
todo	65	eaee81718c0cbf1f	Phy/OpenStack.Phy2/Entity/GfxObjCache.cs	phy/phy2/src/entity/gfx_obj_cache.rs	openstack-phy2
todo	55	b0a777cdc8d41287	Phy/OpenStack.Phy2/Entity/PolygonCache.cs	phy/phy2/src/entity/polygon_cache.rs	openstack-phy2
todo	54	40598e73b422865e	Phy/OpenStack.Phy2/Entity/VertexCache.cs	phy/phy2/src/entity/vertex_cache.rs	openstack-phy2
done	26	147756bfb82afd97	Phy/OpenStack.Phy2/Extensions/FloatExtensions.cs	phy/phy2/src/extensions/float_extensions.rs	openstack-phy2
todo	31	43276587b9ec1b0b	Phy/OpenStack.Phy2/Extensions/ListExtensions.cs	phy/phy2/src/extensions/list_extensions.rs	openstack-phy2
todo	98	730e2a94ce017eef	Phy/OpenStack.Phy2/Extensions/PlaneExtensions.cs	phy/phy2/src/extensions/plane_extensions.rs	openstack-phy2
done	23	bea8e44f7572cd2e	Phy/OpenStack.Phy2/Extensions/QuaternionExtensions.cs	phy/phy2/src/extensions/quaternion_extensions.rs	openstack-phy2
todo	70	ae498714494a9c73	Phy/OpenStack.Phy2/Extensions/QueueExtensions.cs	phy/phy2/src/extensions/queue_extensions.rs	openstack-phy2
todo	39	5b07a7b40d1ae0ee	Phy/OpenStack.Phy2/Extensions/Vector3Extensions.cs	phy/phy2/src/extensions/vector3_extensions.rs	openstack-phy2
todo	31	ce0a749fe7eef8b5	Phy/OpenStack.Phy2/Hooks/AnimHook.cs	phy/phy2/src/hooks/anim_hook.rs	openstack-phy2
todo	34	9dd68b96f8acfe97	Phy/OpenStack.Phy2/Hooks/FPHook.cs	phy/phy2/src/hooks/fp_hook.rs	openstack-phy2
todo	14	f847f6062ee98dc6	Phy/OpenStack.Phy2/Hooks/PhysicsHookType.cs	phy/phy2/src/hooks/physics_hook_type.rs	openstack-phy2
todo	17	12dbee6b79019295	Phy/OpenStack.Phy2/Hooks/PhysicsObjHook.cs	phy/phy2/src/hooks/physics_obj_hook.rs	openstack-phy2
todo	10	b4a16c233b8fb4cc	Phy/OpenStack.Phy2/Hooks/VectorHook.cs	phy/phy2/src/hooks/vector_hook.rs	openstack-phy2
todo	21	f0b14ac3fee9c050	Phy/OpenStack.Phy2/Managers/AttackManager.cs	phy/phy2/src/managers/attack_manager.rs	openstack-phy2
todo	79	dedbf536f1c39fc1	Phy/OpenStack.Phy2/Managers/ConstraintManager.cs	phy/phy2/src/managers/constraint_manager.rs	openstack-phy2
todo	33	0dbdb3805b57bb67	Phy/OpenStack.Phy2/Managers/DetectionManager.cs	phy/phy2/src/managers/detection_manager.rs	openstack-phy2
todo	260	5d9c2f021f4e56d1	Phy/OpenStack.Phy2/Managers/InterpolationManager.cs	phy/phy2/src/managers/interpolation_manager.rs	openstack-phy2
todo	251	810b736e7b805d5b	Phy/OpenStack.Phy2/Managers/MotionTableManager.cs	phy/phy2/src/managers/motion_table_manager.rs	openstack-phy2
todo	874	f9ba69612c22f727	Phy/OpenStack.Phy2/Managers/MoveToManager.cs	phy/phy2/src/managers/move_to_manager.rs	openstack-phy2
todo	215	d4de82413571cbc6	Phy/OpenStack.Phy2/Managers/MovementManager.cs	phy/phy2/src/managers/movement_manager.rs	openstack-phy2
todo	131	8186425a38bee6f2	Phy/OpenStack.Phy2/Managers/PositionManager.cs	phy/phy2/src/managers/position_manager.rs	openstack-phy2
todo	41	06e99b72fa34014d	Phy/OpenStack.Phy2/Managers/ServerObjectManager.cs	phy/phy2/src/managers/server_object_manager.rs	openstack-phy2
todo	135	62dd9726ad3a43f5	Phy/OpenStack.Phy2/Managers/StickyManager.cs	phy/phy2/src/managers/sticky_manager.rs	openstack-phy2
todo	181	c4954e5ddb045d72	Phy/OpenStack.Phy2/Managers/TargetManager.cs	phy/phy2/src/managers/target_manager.rs	openstack-phy2
todo	174	171f3239c2e8774f	Phy/OpenStack.Phy2/ObjectInfo.cs	phy/phy2/src/object_info.rs	openstack-phy2
todo	650	26e5472e79bb37e6	Phy/OpenStack.Phy2/PartArray.cs	phy/phy2/src/part_array.rs	openstack-phy2
todo	181	55c0e439d60d640f	Phy/OpenStack.Phy2/Particles/Particle.cs	phy/phy2/src/particles/particle.rs	openstack-phy2
todo	291	4b9272eb0dd58354	Phy/OpenStack.Phy2/Particles/ParticleEmitter.cs	phy/phy2/src/particles/particle_emitter.rs	openstack-phy2
todo	213	0a63602a9687e4be	Phy/OpenStack.Phy2/Particles/ParticleEmitterInfo.cs	phy/phy2/src/particles/particle_emitter_info.rs	openstack-phy2
todo	83	fe15f55792be4839	Phy/OpenStack.Phy2/Particles/ParticleManager.cs	phy/phy2/src/particles/particle_manager.rs	openstack-phy2
todo	22	859065a2d3c30468	Phy/OpenStack.Phy2/PhysObjProfile.cs	phy/phy2/src/phys_obj_profile.rs	openstack-phy2
todo	56	4b50d737aacea26c	Phy/OpenStack.Phy2/PhysicsDesc.cs	phy/phy2/src/physics_desc.rs	openstack-phy2
todo	135	fe30555cdb6a8502	Phy/OpenStack.Phy2/PhysicsEngine.cs	phy/phy2/src/physics_engine.rs	openstack-phy2
done	61	f961c3e3712c528e	Phy/OpenStack.Phy2/PhysicsGlobals.cs	phy/phy2/src/physics_globals.rs	openstack-phy2
todo	4479	13a009b7528df697	Phy/OpenStack.Phy2/PhysicsObj.cs	phy/phy2/src/physics_obj.rs	openstack-phy2
todo	231	f534713a95333026	Phy/OpenStack.Phy2/PhysicsPart.cs	phy/phy2/src/physics_part.rs	openstack-phy2
todo	450	636aeb4a3d0aa006	Phy/OpenStack.Phy2/Polygon.cs	phy/phy2/src/polygon.rs	openstack-phy2
done	39	f86e2b59021622ce	Phy/OpenStack.Phy2/Ray.cs	phy/phy2/src/ray.rs	openstack-phy2
todo	7	98afd1a7749f8aab	Phy/OpenStack.Phy2/Scripts/PhysicsScript.cs	phy/phy2/src/scripts/physics_script.rs	openstack-phy2
todo	11	8e4e0a5c66af4bca	Phy/OpenStack.Phy2/Scripts/PhysicsScriptData.cs	phy/phy2/src/scripts/physics_script_data.rs	openstack-phy2
todo	20	95822e0a3ad2a7af	Phy/OpenStack.Phy2/Scripts/PhysicsScriptTable.cs	phy/phy2/src/scripts/physics_script_table.rs	openstack-phy2
todo	9	162aafe5aecdfa30	Phy/OpenStack.Phy2/Scripts/PhysicsScriptTableData.cs	phy/phy2/src/scripts/physics_script_table_data.rs	openstack-phy2
todo	8	33cfc33758a3f128	Phy/OpenStack.Phy2/Scripts/ScriptAndModData.cs	phy/phy2/src/scripts/script_and_mod_data.rs	openstack-phy2
todo	9	03a70a8d385ee096	Phy/OpenStack.Phy2/Scripts/ScriptData.cs	phy/phy2/src/scripts/script_data.rs	openstack-phy2
todo	31	310c58af87d57552	Phy/OpenStack.Phy2/Scripts/ScriptManager.cs	phy/phy2/src/scripts/script_manager.rs	openstack-phy2
todo	141	48226deaf5701f7a	Phy/OpenStack.Phy2/Setup.cs	phy/phy2/src/setup.rs	openstack-phy2
todo	10	a5cb4e67f599ec43	Phy/OpenStack.Phy2/Sound/SoundData.cs	phy/phy2/src/sound/sound_data.rs	openstack-phy2
todo	7	0251627dd8b70c4e	Phy/OpenStack.Phy2/Sound/SoundTable.cs	phy/phy2/src/sound/sound_table.rs	openstack-phy2
todo	11	c7776e6dbec5418f	Phy/OpenStack.Phy2/Sound/SoundTableData.cs	phy/phy2/src/sound/sound_table_data.rs	openstack-phy2
done	643	709857328362bcd1	Phy/OpenStack.Phy2/Sphere.cs	phy/phy2/src/sphere.rs	openstack-phy2
todo	319	f20e7fdc736374fd	Phy/OpenStack.Phy2/SpherePath.cs	phy/phy2/src/sphere_path.rs	openstack-phy2
todo	638	96661589f6bb938e	Phy/OpenStack.Phy2/Trajectory.cs	phy/phy2/src/trajectory.rs	openstack-phy2
todo	57	d0afc2eaf760ab91	Phy/OpenStack.Phy2/Trajectory2.cs	phy/phy2/src/trajectory2.rs	openstack-phy2
todo	875	ad101ab92e56e6a0	Phy/OpenStack.Phy2/Transition.cs	phy/phy2/src/transition.rs	openstack-phy2
todo	59	78d010d69c513aff	Phy/OpenStack.Phy2/Util/AdjustCell.cs	phy/phy2/src/util/adjust_cell.rs	openstack-phy2
todo	57	fb9ce78a098cea24	Phy/OpenStack.Phy2/Util/AdjustPos.cs	phy/phy2/src/util/adjust_pos.rs	openstack-phy2
todo	17	e8e08c45abb15275	Phy/OpenStack.Phy2/Util/AdjustPosProfile.cs	phy/phy2/src/util/adjust_pos_profile.rs	openstack-phy2
todo	57	9aa87a87b12b11c5	Phy/OpenStack.Phy2/Util/Environment.cs	phy/phy2/src/util/environment.rs	openstack-phy2
done	253	08d1dec4bf093fff	Platforms/OpenStack.Platform.EginX/EginX/Eng.cs	platforms/eginx/src/egin_x/eng.rs	openstack-platform-eginx
done	13	d2bca5de9331ae99	Platforms/OpenStack.Platform.EginX/Gfx/EginX.cs	platforms/eginx/src/gfx/egin_x.rs	openstack-platform-eginx
done	41	c6cfe8affa726aba	Platforms/OpenStack.Platform.EginX/Gfx/EginX_Render.cs	platforms/eginx/src/gfx/egin_x_render.rs	openstack-platform-eginx
done	73	0db8c6752d56a576	Platforms/OpenStack.Platform.EginX/Platform_EginX.cs	platforms/eginx/src/platform_egin_x.rs	openstack-platform-eginx
done	34	20750a79cd5ff3c1	Platforms/OpenStack.Platform.Godot/Gfx/Godot.cs	platforms/godot/src/gfx/godot.rs	openstack-platform-godot
done	147	c0c0677f388a3203	Platforms/OpenStack.Platform.Godot/Gfx/Godot_Render.cs	platforms/godot/src/gfx/godot_render.rs	openstack-platform-godot
done	287	739d3d9cba092795	Platforms/OpenStack.Platform.Godot/Platform_Godot.cs	platforms/godot/src/platform_godot.rs	openstack-platform-godot
done	13	20797c0f2c4491de	Platforms/OpenStack.Platform.Mg/Gfx/Mg.cs	platforms/mg/src/gfx/mg.rs	openstack-platform-mg
done	41	d6e26757ebd5e5e7	Platforms/OpenStack.Platform.Mg/Gfx/Mg_Render.cs	platforms/mg/src/gfx/mg_render.rs	openstack-platform-mg
done	9	8a38945a2b8a5142	Platforms/OpenStack.Platform.Mg/NameMe/Extensions.cs	platforms/mg/src/name_me/extensions.rs	openstack-platform-mg
done	540	fa9396c4cb116e85	Platforms/OpenStack.Platform.Mg/NameMe/Renderer.cs	platforms/mg/src/name_me/renderer.rs	openstack-platform-mg
done	43	75c4ac34a39df0e5	Platforms/OpenStack.Platform.Mg/NameMe/ScissorStack.cs	platforms/mg/src/name_me/scissor_stack.rs	openstack-platform-mg
done	19	51454f2ba0c9e9a8	Platforms/OpenStack.Platform.Mg/NameMe/SolidColorTextureCache.cs	platforms/mg/src/name_me/solid_color_texture_cache.rs	openstack-platform-mg
done	425	a3c7e5e9d567aefc	Platforms/OpenStack.Platform.Mg/Platform_Mg.cs	platforms/mg/src/platform_mg.rs	openstack-platform-mg
done	13	970fbe7053202faa	Platforms/OpenStack.Platform.O3de/Gfx/O3de.cs	platforms/o3de/src/gfx/o3de.rs	openstack-platform-o3de
done	56	7a4dba1a57756b77	Platforms/OpenStack.Platform.O3de/Gfx/O3de_Render.cs	platforms/o3de/src/gfx/o3de_render.rs	openstack-platform-o3de
done	83	524150ae413b7ac6	Platforms/OpenStack.Platform.O3de/Platform_O3de.cs	platforms/o3de/src/platform_o3de.rs	openstack-platform-o3de
done	14	82dfdfafcbcaaa5d	Platforms/OpenStack.Platform.Ogre/Gfx/Ogre.cs	platforms/ogre/src/gfx/ogre.rs	openstack-platform-ogre
done	56	885c344625648bbd	Platforms/OpenStack.Platform.Ogre/Gfx/Ogre_Render.cs	platforms/ogre/src/gfx/ogre_render.rs	openstack-platform-ogre
done	83	995742497bf41480	Platforms/OpenStack.Platform.Ogre/Platform_Ogre.cs	platforms/ogre/src/platform_ogre.rs	openstack-platform-ogre
done	791	0681d4a8072d93b2	Platforms/OpenStack.Platform.OpenGL/Egin/Gl_Render.cs	platforms/opengl/src/egin/gl_render.rs	openstack-platform-opengl
done	260	5e178c85e69047d0	Platforms/OpenStack.Platform.OpenGL/Gfx/OpenGL.cs	platforms/opengl/src/gfx/open_gl.rs	openstack-platform-opengl
done	61	8781c9e7775c8ab2	Platforms/OpenStack.Platform.OpenGL/Gfx/OpenGLOpenEngine.cs	platforms/opengl/src/gfx/open_gl_open_engine.rs	openstack-platform-opengl
done	1004	7901ba65f542b660	Platforms/OpenStack.Platform.OpenGL/Gfx/OpenGL_Render.cs	platforms/opengl/src/gfx/open_gl_render.rs	openstack-platform-opengl
done	337	a3ccdc40914a4099	Platforms/OpenStack.Platform.OpenGL/Platform_OpenGL.cs	platforms/opengl/src/platform_open_gl.rs	openstack-platform-opengl
done	14	a34ed15ecd261563	Platforms/OpenStack.Platform.Sdl/Gfx/Sdl.cs	platforms/sdl/src/gfx/sdl.rs	openstack-platform-sdl
done	41	1f4472cde1b7a846	Platforms/OpenStack.Platform.Sdl/Gfx/Sdl_Render.cs	platforms/sdl/src/gfx/sdl_render.rs	openstack-platform-sdl
done	52	bd4d390b1cfb29a9	Platforms/OpenStack.Platform.Sdl/Platform_Sdl.cs	platforms/sdl/src/platform_sdl.rs	openstack-platform-sdl
done	24	f882015b97cb8021	Platforms/OpenStack.Platform.Stride/Gfx/Stride.cs	platforms/stride/src/gfx/stride.rs	openstack-platform-stride
done	71	4e1004ba6389b5c7	Platforms/OpenStack.Platform.Stride/Gfx/Stride_Render.cs	platforms/stride/src/gfx/stride_render.rs	openstack-platform-stride
done	126	e18bbe030c7700cd	Platforms/OpenStack.Platform.Stride/Platform_Stride.cs	platforms/stride/src/platform_stride.rs	openstack-platform-stride
done	1	b3c4f035666d2f36	Platforms/OpenStack.Platform.Tests/Assembly.cs	platforms/tests/src/assembly.rs	openstack-platform-tests
done	62	ebf078db41e5fb8b	Platforms/OpenStack.Platform.Tests/Gl.cs	platforms/tests/src/gl.rs	openstack-platform-tests
done	130	46f766785a22a45f	Platforms/OpenStack.Platform.Tests/Gl_Render.cs	platforms/tests/src/gl_render.rs	openstack-platform-tests
done	69	79e20a6ae4abdcbb	Platforms/OpenStack.Platform.Tests/Gl_Renderer.cs	platforms/tests/src/gl_renderer.rs	openstack-platform-tests
done	188	260bf455ea7a2776	Platforms/OpenStack.Platform.Unity/Gfx/Components.cs	platforms/unity/src/gfx/components.rs	openstack-platform-unity
done	293	4da3900cae29b67e	Platforms/OpenStack.Platform.Unity/Gfx/Unity.cs	platforms/unity/src/gfx/unity.rs	openstack-platform-unity
done	109	4ae1a05f1797b8e6	Platforms/OpenStack.Platform.Unity/Gfx/UnityOpenEngine.cs	platforms/unity/src/gfx/unity_open_engine.rs	openstack-platform-unity
done	72	02062f119bfd9803	Platforms/OpenStack.Platform.Unity/Gfx/Unity_Render.cs	platforms/unity/src/gfx/unity_render.rs	openstack-platform-unity
done	90	3952d858b5183cd3	Platforms/OpenStack.Platform.Unity/Gfx/XR/EventSystem2.cs	platforms/unity/src/gfx/xr/event_system2.rs	openstack-platform-unity
done	539	e8b0e03f9431f852	Platforms/OpenStack.Platform.Unity/Platform_Unity.cs	platforms/unity/src/platform_unity.rs	openstack-platform-unity
done	8	375e4580cb294134	Platforms/OpenStack.Platform.Unreal/Gfx/Unreal.cs	platforms/unreal/src/gfx/unreal.rs	openstack-platform-unreal
done	56	82578114130e7b59	Platforms/OpenStack.Platform.Unreal/Gfx/Unreal_Render.cs	platforms/unreal/src/gfx/unreal_render.rs	openstack-platform-unreal
done	99	47f3a900ee3207a2	Platforms/OpenStack.Platform.Unreal/Platform_Unreal.cs	platforms/unreal/src/platform_unreal.rs	openstack-platform-unreal
done	12	3d03ec17fddb8ae7	Platforms/OpenStack.Platform.Vk/Vk.cs	platforms/vk/src/vk.rs	openstack-platform-vk
done	28	e6fef16eff1b0034	Platforms/OpenStack.Wpf.Control/ConsoleManager.cs	platforms/wpf-control/src/console_manager.rs	openstack-wpf-control
done	52	c7be9d582cf367b9	Platforms/OpenStack.Wpf.Control/GodotControl.cs	platforms/wpf-control/src/godot_control.rs	openstack-wpf-control
done	53	e76ff17e9782261d	Platforms/OpenStack.Wpf.Control/O3deControl.cs	platforms/wpf-control/src/o3de_control.rs	openstack-wpf-control
done	52	10b3047d09c66c33	Platforms/OpenStack.Wpf.Control/OgreControl.cs	platforms/wpf-control/src/ogre_control.rs	openstack-wpf-control
done	119	8d0075f4f7225240	Platforms/OpenStack.Wpf.Control/OpenGLControl.cs	platforms/wpf-control/src/open_gl_control.rs	openstack-wpf-control
done	77	c052d8c7e0d85a38	Platforms/OpenStack.Wpf.Control/OpenTK/ConsoleManager.cs	platforms/wpf-control/src/open_tk/console_manager.rs	openstack-wpf-control
done	1070	77fda70b825d6d2a	Platforms/OpenStack.Wpf.Control/OpenTK/GLControl/GLControl.cs	platforms/wpf-control/src/open_tk/gl_control/gl_control.rs	openstack-wpf-control
done	512	26d19099b36fac16	Platforms/OpenStack.Wpf.Control/OpenTK/GLControl/Native.cs	platforms/wpf-control/src/open_tk/gl_control/native.rs	openstack-wpf-control
done	193	ab43f12760e414e8	Platforms/OpenStack.Wpf.Control/OpenTK/Wpf/DXGLContext.cs	platforms/wpf-control/src/open_tk/wpf/dxgl_context.rs	openstack-wpf-control
done	302	f7a58821c36adbfb	Platforms/OpenStack.Wpf.Control/OpenTK/Wpf/GLWpfControl.cs	platforms/wpf-control/src/open_tk/wpf/gl_wpf_control.rs	openstack-wpf-control
done	292	aa641faec0ad08db	Platforms/OpenStack.Wpf.Control/OpenTK/Wpf/GLWpfControlRenderer.cs	platforms/wpf-control/src/open_tk/wpf/gl_wpf_control_renderer.rs	openstack-wpf-control
done	97	cdd24f3148f886ab	Platforms/OpenStack.Wpf.Control/OpenTK/Wpf/GLWpfControlSettings.cs	platforms/wpf-control/src/open_tk/wpf/gl_wpf_control_settings.rs	openstack-wpf-control
done	351	83fe14975dda9666	Platforms/OpenStack.Wpf.Control/OpenTK/Wpf/Interop/DXInterop.cs	platforms/wpf-control/src/open_tk/wpf/interop/dx_interop.rs	openstack-wpf-control
done	180	54f17a263fc6f1f2	Platforms/OpenStack.Wpf.Control/OpenTK/Wpf/Interop/Enums.cs	platforms/wpf-control/src/open_tk/wpf/interop/enums.rs	openstack-wpf-control
done	22	e0be4358390084ac	Platforms/OpenStack.Wpf.Control/OpenTK/Wpf/Interop/PresentationParameters.cs	platforms/wpf-control/src/open_tk/wpf/interop/presentation_parameters.rs	openstack-wpf-control
done	152	aab52d543cac7f22	Platforms/OpenStack.Wpf.Control/OpenTK/Wpf/NonReloadingTabControl.cs	platforms/wpf-control/src/open_tk/wpf/non_reloading_tab_control.rs	openstack-wpf-control
done	53	fc1f390923295bef	Platforms/OpenStack.Wpf.Control/SdlControl.cs	platforms/wpf-control/src/sdl_control.rs	openstack-wpf-control
done	77	8ff3e4f0e8c553d6	Platforms/OpenStack.Wpf.Control/UI/Control.cs	platforms/wpf-control/src/ui/control.rs	openstack-wpf-control
done	129	4778627526cbddb3	Platforms/OpenStack.Wpf.Control/UI/GLControl.cs	platforms/wpf-control/src/ui/gl_control.rs	openstack-wpf-control
done	129	4778627526cbddb3	Platforms/OpenStack.Wpf.Control/UI/GLControl2.cs	platforms/wpf-control/src/ui/gl_control2.rs	openstack-wpf-control
done	87	4ea4ba1b3901a956	Platforms/OpenStack.Wpf.Control/UI/GLWpfControl.cs	platforms/wpf-control/src/ui/gl_wpf_control.rs	openstack-wpf-control
done	52	85766340c25ff2d0	Platforms/OpenStack.Wpf.Control/UnityControl.cs	platforms/wpf-control/src/unity_control.rs	openstack-wpf-control
done	52	2a2e95ccf38bbe97	Platforms/OpenStack.Wpf.Control/UnrealControl.cs	platforms/wpf-control/src/unreal_control.rs	openstack-wpf-control
done	39	2243c2f7490a0c06	Platforms/OpenStack.Wpf.Stride/Stride/EmbeddedGameForm.cs	platforms/wpf-stride/src/stride/embedded_game_form.rs	openstack-wpf-stride
done	281	f6927e53ea1a2fc4	Platforms/OpenStack.Wpf.Stride/StrideControl.cs	platforms/wpf-stride/src/stride_control.rs	openstack-wpf-stride
done	82	749113bf668ce72a	Sfx/OpenStack.Sfx/Sfx.cs	sfx/sfx/src/sfx.rs	openstack-sfx
done	1212	a6cdc3b71663d242	Sfx/OpenStack.Sfx.Al/AL.cs	sfx/sfx-al/src/al.rs	openstack-sfx-al
done	61	2ee5731ffe6ef482	Sfx/OpenStack.Sfx.Al/ALBase.cs	sfx/sfx-al/src/al_base.rs	openstack-sfx-al
done	692	e1b19533b16302f1	Sfx/OpenStack.Sfx.Al/ALC.cs	sfx/sfx-al/src/alc.rs	openstack-sfx-al
done	6045	f39f0fbfbdeba334	Sfx/OpenStack.Sfx.Al/Extensions/Creative.EFX.cs	sfx/sfx-al/src/extensions/creative_efx.rs	openstack-sfx-al
done	78	c649a0b56419f402	Sfx/OpenStack.Sfx.Al/Extensions/Creative.EnumerateAll.cs	sfx/sfx-al/src/extensions/creative_enumerate_all.rs	openstack-sfx-al
done	72	38311755ff6ce612	Sfx/OpenStack.Sfx.Al/Extensions/EXT.Double.cs	sfx/sfx-al/src/extensions/ext_double.rs	openstack-sfx-al
done	72	f41a27cbb70d8be9	Sfx/OpenStack.Sfx.Al/Extensions/EXT.Float32.cs	sfx/sfx-al/src/extensions/ext_float32.rs	openstack-sfx-al
done	132	b8eaac07fe76026e	Sfx/OpenStack.Sfx.Al/Extensions/SOFT.DeviceClock.cs	sfx/sfx-al/src/extensions/soft_device_clock.rs	openstack-sfx-al
done	30	c85ea05f6d4bea17	Sfx/OpenStack.Sfx.Al/Extensions/SOFT.HRTF.cs	sfx/sfx-al/src/extensions/soft_hrtf.rs	openstack-sfx-al
done	81	e4fac06b4847438a	Sfx/OpenStack.Sfx.Al/Extensions/SOFT.SourceLatency.cs	sfx/sfx-al/src/extensions/soft_source_latency.rs	openstack-sfx-al
done	75	f98cc3545e567421	Sfx/OpenStack.Sfx.Al/Native.cs	sfx/sfx-al/src/native.rs	openstack-sfx-al
done	503	7b895d2226c9d562	Sfx/OpenStack.Sfx.Ogg/Sfx_OggVorbis.cs	sfx/sfx-ogg/src/sfx_ogg_vorbis.rs	openstack-sfx-ogg
done	1	b3c4f035666d2f36	Sfx/OpenStack.SfxTests/Assembly.cs	sfx/sfx-tests/src/assembly.rs	openstack-sfx-tests
done	14	2f2f988d4e67f651	Sfx/OpenStack.SfxTests/Sfx.cs	sfx/sfx-tests/src/sfx.rs	openstack-sfx-tests
done	6117	bc289b4021d9735a	Vfx/OpenStack.Vfx/Disc.cs	vfx/vfx/src/disc.rs	openstack-vfx
done	105	8b1305fa00ce261a	Vfx/OpenStack.Vfx/ExtServices/FFmpegService.cs	vfx/vfx/src/ext_services/ffmpeg_service.rs	openstack-vfx
done	113	ec29e1c226382277	Vfx/OpenStack.Vfx/ExtServices/LibChd.cs	vfx/vfx/src/ext_services/lib_chd.rs	openstack-vfx
done	171	8e842cf8624c281c	Vfx/OpenStack.Vfx/N64.cs	vfx/vfx/src/n64.rs	openstack-vfx
done	108	98a97cc7127da51b	Vfx/OpenStack.Vfx/Util.cs	vfx/vfx/src/util.rs	openstack-vfx
done	250	4737d0dae6cc3f9e	Vfx/OpenStack.Vfx/Vfx.cs	vfx/vfx/src/vfx.rs	openstack-vfx
done	86	1de2e94abd13dcbd	Vfx/OpenStack.Vfx/Vfx_Network.cs	vfx/vfx/src/vfx_network.rs	openstack-vfx
done	3094	32d1e7f2b030c2f5	Vfx/OpenStack.Vfx/X3ds.cs	vfx/vfx/src/x3ds.rs	openstack-vfx
done	74	ed0c414069484bc7	Vfx/OpenStack.Vfx.Program/Program.cs	vfx/vfx-program/src/program.rs	openstack-vfx-program
